{"cameraMode":{"drawMode":0,"name":"Shaded","section":"Shading Mode"},"sceneLighting":false,"audioPlay":false,"sceneViewState":{"showFog":false,"showMaterialUpdate":false,"showSkybox":false,"showFlares":false,"showImageEffects":false,"showParticleSystems":false},"in2DMode":false,"pivot":{"x":0.28589463233947756,"y":1.660672664642334,"z":1.4055500030517579},"rotation":{"x":0.17756180465221406,"y":-0.6821442246437073,"z":0.687076210975647,"w":0.17628802359104157},"size":18.059812545776368,"orthographic":true}