{"cameraMode":{"drawMode":0,"name":"Shaded","section":"Shading Mode"},"sceneLighting":false,"audioPlay":false,"sceneViewState":{"showFog":false,"showMaterialUpdate":false,"showSkybox":false,"showFlares":false,"showImageEffects":false,"showParticleSystems":false},"in2DMode":false,"pivot":{"x":13.046234130859375,"y":-3.083127975463867,"z":5.117518424987793},"rotation":{"x":-0.15871787071228028,"y":-0.37509387731552126,"z":0.06535365432500839,"w":-0.9109566807746887},"size":22.3653564453125,"orthographic":false}