{"cameraMode":{"drawMode":0,"name":"Shaded","section":"Shading Mode"},"sceneLighting":true,"audioPlay":false,"sceneViewState":{"showFog":false,"showMaterialUpdate":false,"showSkybox":false,"showFlares":false,"showImageEffects":false,"showParticleSystems":false},"in2DMode":false,"pivot":{"x":317.20965576171877,"y":45.37030029296875,"z":373.56317138671877},"rotation":{"x":-0.23418740928173066,"y":0.08503353595733643,"z":-0.020566867664456369,"w":-0.9682471752166748},"size":1097.9285888671875,"orthographic":false}