{"cameraMode":{"drawMode":0,"name":"Shaded","section":"Shading Mode"},"sceneLighting":false,"audioPlay":false,"sceneViewState":{"showFog":false,"showMaterialUpdate":false,"showSkybox":false,"showFlares":false,"showImageEffects":false,"showParticleSystems":false},"in2DMode":false,"pivot":{"x":-0.8570730686187744,"y":-1.7182073593139649,"z":7.193578720092773},"rotation":{"x":0.3382367491722107,"y":-0.6540223360061646,"z":0.41232168674468996,"w":0.5365087985992432},"size":20.043426513671876,"orthographic":false}