{"cameraMode":{"drawMode":0,"name":"Shaded","section":"Shading Mode"},"sceneLighting":false,"audioPlay":false,"sceneViewState":{"showFog":false,"showMaterialUpdate":false,"showSkybox":false,"showFlares":false,"showImageEffects":false,"showParticleSystems":false},"in2DMode":false,"pivot":{"x":1.3814311027526856,"y":4.589094161987305,"z":4.488463401794434},"rotation":{"x":-0.2978096902370453,"y":-0.0025990752037614586,"z":0.0008108456968329847,"w":-0.9546213746070862},"size":13.515016555786133,"orthographic":false}