{"cameraMode":{"drawMode":0,"name":"Shaded","section":"Shading Mode"},"sceneLighting":false,"audioPlay":false,"sceneViewState":{"showFog":false,"showMaterialUpdate":false,"showSkybox":false,"showFlares":false,"showImageEffects":false,"showParticleSystems":false},"in2DMode":false,"pivot":{"x":4.590000152587891,"y":2.0899996757507326,"z":-5.96999979019165},"rotation":{"x":-0.08033314347267151,"y":0.7831708192825317,"z":-0.10350382328033447,"w":-0.6078463196754456},"size":16.16190528869629,"orthographic":false}