{"cameraMode":{"drawMode":0,"name":"Shaded","section":"Shading Mode"},"sceneLighting":false,"audioPlay":false,"sceneViewState":{"showFog":false,"showMaterialUpdate":false,"showSkybox":false,"showFlares":false,"showImageEffects":false,"showParticleSystems":false},"in2DMode":false,"pivot":{"x":5.265241622924805,"y":1.3756933212280274,"z":-8.328301429748536},"rotation":{"x":-0.41278332471847536,"y":-0.5731887817382813,"z":0.4100710153579712,"w":-0.5769803524017334},"size":9.739343643188477,"orthographic":false}