{"cameraMode":{"drawMode":0,"name":"Shaded","section":"Shading Mode"},"sceneLighting":false,"audioPlay":false,"sceneViewState":{"showFog":false,"showMaterialUpdate":false,"showSkybox":false,"showFlares":false,"showImageEffects":false,"showParticleSystems":false},"in2DMode":false,"pivot":{"x":5.210000038146973,"y":0.9800000190734863,"z":-11.279999732971192},"rotation":{"x":0.7290783524513245,"y":-0.08699537813663483,"z":0.09434324502944946,"w":0.6722915768623352},"size":2.457780599594116,"orthographic":false}