{"cameraMode":{"drawMode":0,"name":"Shaded","section":"Shading Mode"},"sceneLighting":false,"audioPlay":false,"sceneViewState":{"showFog":false,"showMaterialUpdate":false,"showSkybox":false,"showFlares":false,"showImageEffects":false,"showParticleSystems":false},"in2DMode":false,"pivot":{"x":-39.65056610107422,"y":23.466049194335939,"z":-5.307098865509033},"rotation":{"x":-0.16015177965164185,"y":-0.7143412232398987,"z":-0.17367582023143769,"w":0.6587144732475281},"size":66.2320785522461,"orthographic":false}