{"cameraMode":{"drawMode":0,"name":"Shaded","section":"Shading Mode"},"sceneLighting":false,"audioPlay":false,"sceneViewState":{"showFog":false,"showMaterialUpdate":false,"showSkybox":false,"showFlares":false,"showImageEffects":false,"showParticleSystems":false},"in2DMode":false,"pivot":{"x":4.590000152587891,"y":2.0899996757507326,"z":-5.96999979019165},"rotation":{"x":0.037467390298843387,"y":0.03536590188741684,"z":0.001326968427747488,"w":-0.9986709952354431},"size":16.16190528869629,"orthographic":false}