{"cameraMode":{"drawMode":0,"name":"Shaded","section":"Shading Mode"},"sceneLighting":false,"audioPlay":false,"sceneViewState":{"showFog":false,"showMaterialUpdate":false,"showSkybox":false,"showFlares":false,"showImageEffects":false,"showParticleSystems":false},"in2DMode":false,"pivot":{"x":-13.161872863769532,"y":-0.17000000178813935,"z":-13.84400749206543},"rotation":{"x":0.24878045916557313,"y":0.06504183262586594,"z":-0.0167470071464777,"w":0.9662284255027771},"size":22.0,"orthographic":false}