{"cameraMode":{"drawMode":0,"name":"Shaded","section":"Shading Mode"},"sceneLighting":false,"audioPlay":false,"sceneViewState":{"showFog":false,"showMaterialUpdate":false,"showSkybox":false,"showFlares":false,"showImageEffects":false,"showParticleSystems":false},"in2DMode":false,"pivot":{"x":3.268129348754883,"y":-11.899848937988282,"z":8.921324729919434},"rotation":{"x":0.373254656791687,"y":0.5454935431480408,"z":-0.2951056957244873,"w":0.689949631690979},"size":53.32647705078125,"orthographic":false}